{"cameraMode":{"drawMode":0,"name":"Shaded","section":"Shading Mode"},"sceneLighting":true,"audioPlay":false,"sceneViewState":{"m_AlwaysRefresh":false,"showFog":true,"showSkybox":true,"showFlares":true,"showImageEffects":true,"showParticleSystems":true,"showVisualEffectGraphs":true,"m_FxEnabled":true},"in2DMode":false,"pivot":{"x":10.127427101135254,"y":0.3150218725204468,"z":-10.457479476928711},"rotation":{"x":-0.06129870191216469,"y":0.9340423345565796,"z":-0.29232317209243777,"w":-0.19586285948753358},"size":1.0750271081924439,"orthographic":false}